Canada , 6
Cartagena , 1
Therthar Lake , 1
Moon , 542
Collections , 2
San Francisco , 21
geo , 197
Harvey , 449
Day , 3806
Spain , 11
Norfolk , 1
Volga River , 2
Lampedusa , 15
Nile , 1
Dardanelles , 1
ISS Structure , 222
Lagoon , 1
Volcano , 37
Marseille , 6
Al Wahda Dam , 1
Sinai Peninsula , 1
Linosa , 6
Washington , 2
Surface , 53
Agnano Crater , 1
Alicudi Island , 1
Agriculture , 12
Turkey , 8
Gallipoli , 1
Sun , 49
Solar Panels , 2
Inside ISS , 156
France , 6
Castellammare del Golfo , 2
#WinEarthFavs , 204
Arizona , 4
Trapani , 1
Aurora , 39
San Diego , 6
Park , 2
Massachusetts , 6
Los Angeles , 4
BadBlankBlurry , 6
Ukraine , 1
Clouds , 105
Florida , 2
United States , 53
Cape Cod , 6
Russia , 2
North America , 58
Mt. Rainier , 2
Chad , 3
Cape Canaveral , 1
Crimean Peninsula , 1
Canary Islands , 2
Hungary , 3
Sunrise Sunset , 187
Lake Balaton , 3
Salton Sea , 4
Aeolian Islands , 15
Mt. Vesuvius , 6
Asia , 12
Gibraltar , 3
Europe , 111
Algeria , 8
Sardinia , 3
California , 31
Delta , 3
Iraq , 1
El Ejido , 7
Glen Canyon , 3
Khenifiss National Park , 3
Denmark , 5
Morocco , 5
Night , 173
Gulf of Suez , 1
Atmosphere , 600
Tassili n'Ajjer , 1
Sicily , 14
Africa , 24
Ebro Delta , 1
Spacecraft , 118
New York , 7
Wetland , 1
Salina , 5
Cyprus , 7
Deployed satellite , 35
Sea of Azov , 1
Italy , 65
Movie , 28
Volga River Delta , 2
Hurricane , 495
Malta , 9
Winnipeg , 4
Bay of Fundy , 2
Caspian Sea , 1
Solar Eclipse , 120
Phoenix , 1
Cupola , 144
Virginia , 1
Naples , 8
San Vito lo Capo , 1
Richat Structure , 6
Mauritania , 6
Nova Scotia , 2
Ennedi Plateau , 3
Ifrane National Park , 1
Egypt , 1
Sahara , 7
Greece , 1
Manitoba , 4
Copenhagen , 3
Dock Undock , 118
